,SettlementPoint,Mean,Min,Max,SD,Year,Month
0,HB_BUSAVG,19.209301075268822,5.12,54.69,5.48521039009743,2016,01
1,HB_BUSAVG,23.25278225806453,1.94,96.28,7.471612705493784,2017,01
2,HB_BUSAVG,37.86967741935482,5.83,1660.04,87.56361308118339,2018,01
3,HB_BUSAVG,24.59256720430107,5.72,75.28,8.130355147669786,2019,01
4,HB_BUSAVG,15.288247126436788,1.79,50.98,5.77717217692724,2016,02
5,HB_BUSAVG,20.1178273809524,3.56,52.7,6.538278533511916,2017,02
6,HB_BUSAVG,21.854315476190465,5.09,73.49,7.541317693617223,2018,02
7,HB_BUSAVG,21.186369047619046,5.06,56.68,7.013010151618259,2019,02
8,HB_BUSAVG,16.755625841184376,1.22,64.31,7.368496875539129,2016,03
9,HB_BUSAVG,22.569892328398367,4.92,78.44,7.988595981559292,2017,03
10,HB_BUSAVG,22.561978465679648,7.34,69.97,8.35799112360004,2018,03
11,HB_BUSAVG,27.565720053835797,7.31,675.6,34.263891687476494,2019,03
12,HB_BUSAVG,18.289347222222197,1.18,93.09,9.506142732088001,2016,04
13,HB_BUSAVG,23.70508333333335,8.37,81.08,7.768482147422761,2017,04
14,HB_BUSAVG,23.142958333333308,6.22,53.44,7.3667687663368335,2018,04
15,HB_BUSAVG,22.613180555555562,5.34,102.53,11.853101342168479,2019,04
16,HB_BUSAVG,18.15958333333335,3.03,73.61,8.017220813376365,2016,05
17,HB_BUSAVG,25.087352150537626,4.66,65.3,7.952691485425806,2017,05
18,HB_BUSAVG,34.00524193548385,8.49,541.31,38.314470370603864,2018,05
19,HB_BUSAVG,23.959932795698922,9.46,67.19,8.560298614984854,2019,05
20,HB_BUSAVG,23.90981944444443,4.02,110.72,11.305436288586218,2016,06
21,HB_BUSAVG,27.669152777777793,15.22,82.18,11.114801167073598,2017,06
22,HB_BUSAVG,29.96612499999997,15.16,114.07,14.658058238847639,2018,06
23,HB_BUSAVG,25.08554166666668,8.72,102.2,13.651568525669756,2019,06
24,HB_BUSAVG,27.187473118279588,7.61,99.29,12.406065835499756,2016,07
25,HB_BUSAVG,31.45427419354836,16.64,257.04,17.838848649545913,2017,07
26,HB_BUSAVG,78.85944892473117,9.9,2061.99,233.36169591636278,2018,07
27,HB_BUSAVG,29.72962365591398,11.28,274.56,26.86115729182233,2019,07
28,HB_BUSAVG,30.567137096774225,13.39,230.02,27.15155808784458,2016,08
29,HB_BUSAVG,27.50701612903228,16.62,88.75,10.898581913248776,2017,08
30,HB_BUSAVG,31.661559139784913,12.71,149.91,18.572329132601762,2018,08
31,HB_BUSAVG,126.38408602150527,10.04,3499.84,401.206306600097,2019,08
32,HB_BUSAVG,26.861750000000033,10.89,202.4,14.904298172890444,2016,09
33,HB_BUSAVG,24.18416666666669,8.38,59.02,7.9236597783932705,2017,09
34,HB_BUSAVG,27.17544444444446,14.59,88.96,10.5109675059282,2018,09
35,HB_BUSAVG,79.61562499999994,7.88,5008.32,380.21393107679,2019,09
36,HB_BUSAVG,25.2048387096774,2.92,274.77,16.32711959988236,2016,10
37,HB_BUSAVG,23.563279569892487,3.07,97.54,10.300630159991833,2017,10
38,HB_BUSAVG,29.95782258064515,10.32,95.21,10.16982978140472,2018,10
39,HB_BUSAVG,28.247056451612934,6.39,851.45,53.26734427541531,2019,10
40,HB_BUSAVG,19.244902777777792,2.3,48.65,6.3781515532879896,2016,11
41,HB_BUSAVG,22.677458333333327,4.28,83.65,8.31051267552799,2017,11
42,HB_BUSAVG,30.644499999999972,9.3,108.07,11.598420053307358,2018,11
43,HB_BUSAVG,23.46837500000001,3.26,203.7,14.638393552028687,2019,11
44,HB_BUSAVG,25.31830645161287,2.72,139.42,11.105303297399237,2016,12
45,HB_BUSAVG,21.187956989247333,5.82,55.67,5.193307565046879,2017,12
46,HB_BUSAVG,30.268185483870955,6.64,117.74,10.12306655686283,2018,12
47,HB_BUSAVG,18.715080645161272,3.74,59.84,6.744975917531296,2019,12
48,HB_HOUSTON,19.565725806451617,5.19,54.55,5.6487473817289935,2016,01
49,HB_HOUSTON,24.78185483870971,3.03,96.21,7.904352417097664,2017,01
50,HB_HOUSTON,37.944784946236524,6.19,1637.34,86.01527890478582,2018,01
51,HB_HOUSTON,25.426034946236562,8.64,74.76,7.830863602989711,2019,01
52,HB_HOUSTON,15.464540229885062,2.1,50.75,5.811656068895286,2016,02
53,HB_HOUSTON,23.265714285714306,4.52,58.68,8.612319604347366,2017,02
54,HB_HOUSTON,22.16410714285716,5.1,72.11,7.347411911330587,2018,02
55,HB_HOUSTON,21.50781249999998,5.47,57.38,6.6968686862040805,2019,02
56,HB_HOUSTON,17.12495289367428,1.36,72.32,7.70473596551608,2016,03
57,HB_HOUSTON,28.21329744279944,6.85,144.16,14.123950526156515,2017,03
58,HB_HOUSTON,23.782543741588132,8.01,71.01,8.96803408972139,2018,03
59,HB_HOUSTON,27.832032301480492,8.18,651.0,32.6440667231485,2019,03
60,HB_HOUSTON,18.940958333333334,1.26,99.0,10.265435546159962,2016,04
61,HB_HOUSTON,32.295736111111104,10.77,142.25,15.704205969482652,2017,04
62,HB_HOUSTON,24.652694444444446,8.4,58.92,7.830764138938863,2018,04
63,HB_HOUSTON,23.870652777777796,5.4,106.31,11.99962983858817,2019,04
64,HB_HOUSTON,19.17408602150539,3.04,73.62,9.38017837807119,2016,05
65,HB_HOUSTON,31.533172043010744,5.0,105.17,14.64211012278916,2017,05
66,HB_HOUSTON,34.14755376344084,8.43,530.4,37.10995493457376,2018,05
67,HB_HOUSTON,24.794274193548365,9.59,67.67,8.953671879096621,2019,05
68,HB_HOUSTON,26.255736111111084,4.31,141.0,15.3243472685475,2016,06
69,HB_HOUSTON,33.16834722222224,15.44,133.78,18.60204923631417,2017,06
70,HB_HOUSTON,30.628486111111098,15.81,116.02,14.938345448626661,2018,06
71,HB_HOUSTON,26.897680555555574,9.93,111.16,15.453808881248248,2019,06
72,HB_HOUSTON,29.53892473118277,10.08,101.38,14.978876680896809,2016,07
73,HB_HOUSTON,34.37583333333333,16.72,306.24,22.793164369378225,2017,07
74,HB_HOUSTON,79.03404569892474,9.95,2057.51,233.00015888349546,2018,07
75,HB_HOUSTON,29.91100806451612,11.34,274.33,26.800292086352286,2019,07
76,HB_HOUSTON,32.9725403225807,13.49,269.69,33.121781875193165,2016,08
77,HB_HOUSTON,29.401720430107513,16.61,97.06,13.225864551440145,2017,08
78,HB_HOUSTON,31.944247311827972,13.44,150.2,18.6641251009878,2018,08
79,HB_HOUSTON,126.62533602150543,10.32,3499.86,401.4410640782598,2019,08
80,HB_HOUSTON,28.742416666666674,11.49,211.23,16.821039643259603,2016,09
81,HB_HOUSTON,26.542944444444462,8.32,73.92,10.91963358890597,2017,09
82,HB_HOUSTON,27.581361111111068,15.06,91.04,10.751295245972893,2018,09
83,HB_HOUSTON,80.5876527777777,7.97,5011.16,380.543067820698,2019,09
84,HB_HOUSTON,28.24955645161289,4.0,284.79,18.950819928980856,2016,10
85,HB_HOUSTON,30.141236559139788,4.4,249.2,23.325715626861335,2017,10
86,HB_HOUSTON,30.981935483870988,12.6,98.4,10.837428527252913,2018,10
87,HB_HOUSTON,30.393602150537653,9.65,870.3,55.0885931424054,2019,10
88,HB_HOUSTON,20.36593055555555,3.05,51.61,7.431234496542127,2016,11
89,HB_HOUSTON,26.091055555555556,4.69,131.0,12.686734104963296,2017,11
90,HB_HOUSTON,31.319236111111124,10.01,104.77,11.698294258876448,2018,11
91,HB_HOUSTON,24.0215,3.79,198.8,14.300458495621012,2019,11
92,HB_HOUSTON,25.727661290322622,2.92,142.55,11.32320461530008,2016,12
93,HB_HOUSTON,21.549005376344063,6.25,53.34,5.162866307722012,2017,12
94,HB_HOUSTON,30.333548387096755,6.85,116.17,9.879054520195677,2018,12
95,HB_HOUSTON,18.67249999999999,3.8,59.43,6.6220555812474515,2019,12
96,HB_HUBAVG,19.25869623655914,5.13,54.53,5.5123168382360115,2016,01
97,HB_HUBAVG,23.325551075268802,1.84,96.27,7.577709890137224,2017,01
98,HB_HUBAVG,37.77303763440862,5.24,1658.38,87.50519670270873,2018,01
99,HB_HUBAVG,24.68340053763441,5.59,75.44,8.21035899011041,2019,01
100,HB_HUBAVG,15.269252873563223,1.52,50.9,5.812592533369642,2016,02
101,HB_HUBAVG,20.352127976190452,2.34,53.19,7.066815784413845,2017,02
102,HB_HUBAVG,21.83005952380953,4.2,73.4,7.607576739110757,2018,02
103,HB_HUBAVG,21.250639880952367,4.85,56.86,7.0730121645770625,2019,02
104,HB_HUBAVG,16.654347240915186,1.05,65.81,7.426260850084184,2016,03
105,HB_HUBAVG,23.233230148048435,4.36,87.72,8.870794538909273,2017,03
106,HB_HUBAVG,22.40343203230148,6.13,69.98,8.604464627194634,2018,03
107,HB_HUBAVG,27.189030955585476,5.95,674.86,34.35972336363792,2019,03
108,HB_HUBAVG,18.16686111111111,1.07,94.38,9.574284135033096,2016,04
109,HB_HUBAVG,24.830486111111128,8.6,91.68,8.938620642163299,2017,04
110,HB_HUBAVG,22.450305555555552,4.42,53.51,7.838026572185339,2018,04
111,HB_HUBAVG,22.221166666666647,4.4,103.18,12.112938760854048,2019,04
112,HB_HUBAVG,18.247002688172035,2.64,73.06,8.214961649765993,2016,05
113,HB_HUBAVG,25.905026881720417,4.18,65.97,8.793912445332902,2017,05
114,HB_HUBAVG,32.83485215053763,7.13,536.14,37.757652134754366,2018,05
115,HB_HUBAVG,23.88376344086022,9.03,67.33,8.577879707268158,2019,05
116,HB_HUBAVG,24.297847222222227,4.15,115.88,11.861734726158794,2016,06
117,HB_HUBAVG,28.513847222222214,14.64,88.26,12.215149025157547,2017,06
118,HB_HUBAVG,29.781861111111088,14.66,113.13,14.418706406790347,2018,06
119,HB_HUBAVG,25.17154166666668,8.6,102.85,13.788867563759192,2019,06
120,HB_HUBAVG,27.459206989247352,5.86,99.3,12.793737081962158,2016,07
121,HB_HUBAVG,31.864408602150526,16.7,263.26,18.501171755106707,2017,07
122,HB_HUBAVG,78.83232526881713,9.95,2061.56,233.32551272329218,2018,07
123,HB_HUBAVG,29.69623655913976,11.28,274.53,26.839811239624783,2019,07
124,HB_HUBAVG,30.948534946236535,13.39,232.88,28.067207749952498,2016,08
125,HB_HUBAVG,27.83861559139788,16.62,90.23,11.25476501294963,2017,08
126,HB_HUBAVG,31.69458333333332,12.87,149.94,18.560145316602355,2018,08
127,HB_HUBAVG,126.34983870967757,9.9,3499.49,401.12725896834405,2019,08
128,HB_HUBAVG,27.188138888888897,10.99,203.88,15.16413774610703,2016,09
129,HB_HUBAVG,24.51969444444443,8.4,61.96,8.268483617032992,2017,09
130,HB_HUBAVG,27.05302777777778,14.75,88.41,10.301125773944907,2018,09
131,HB_HUBAVG,79.4591944444445,7.89,5008.13,380.1739002592013,2019,09
132,HB_HUBAVG,25.769059139784947,2.96,277.51,16.816964578457856,2016,10
133,HB_HUBAVG,24.701451612903266,3.48,109.91,12.05308567698832,2017,10
134,HB_HUBAVG,29.889112903225822,9.98,95.61,10.165972310649039,2018,10
135,HB_HUBAVG,28.131760752688177,6.05,851.39,53.417383946265424,2019,10
136,HB_HUBAVG,19.489305555555553,2.37,49.27,6.544536122879047,2016,11
137,HB_HUBAVG,23.16713888888889,3.68,91.6,8.902537112871347,2017,11
138,HB_HUBAVG,30.277208333333338,8.42,105.98,11.820105869491796,2018,11
139,HB_HUBAVG,23.2572361111111,2.91,201.15,14.540368868864523,2019,11
140,HB_HUBAVG,25.36259408602154,2.34,139.98,11.198097445441174,2016,12
141,HB_HUBAVG,21.209852150537618,4.55,56.06,5.336605259728787,2017,12
142,HB_HUBAVG,30.191989247311827,6.45,117.99,10.318657868630199,2018,12
143,HB_HUBAVG,18.623373655914005,3.49,60.41,6.752492529393898,2019,12
144,HB_NORTH,19.133306451612892,5.09,55.56,5.465482000164042,2016,01
145,HB_NORTH,22.991854838709685,2.02,96.37,7.400329722413332,2017,01
146,HB_NORTH,37.5859005376344,6.24,1659.26,87.45206198148666,2018,01
147,HB_NORTH,24.33263440860215,5.41,75.1,8.213235570821181,2019,01
148,HB_NORTH,15.292658045977005,2.0,51.26,5.741953441774283,2016,02
149,HB_NORTH,19.4481994047619,4.77,51.8,5.934393190161845,2017,02
150,HB_NORTH,21.767023809523774,6.39,73.33,7.452917156357076,2018,02
151,HB_NORTH,20.864955357142883,4.48,56.39,7.018780915655381,2019,02
152,HB_NORTH,16.859367429340523,1.46,60.79,7.259944346713296,2016,03
153,HB_NORTH,21.227779273216694,5.46,63.71,6.777892002262999,2017,03
154,HB_NORTH,22.608008075370122,8.57,69.87,8.217259861945996,2018,03
155,HB_NORTH,28.103714670255727,8.95,676.5,34.15559397316518,2019,03
156,HB_NORTH,18.350666666666676,1.3,90.11,9.314117201804844,2016,04
157,HB_NORTH,21.41055555555557,7.16,61.79,6.244917842248714,2017,04
158,HB_NORTH,23.522916666666667,8.06,52.98,7.0269326382005435,2018,04
159,HB_NORTH,22.99740277777778,5.53,100.8,11.622436364291051,2019,04
160,HB_NORTH,17.905631720430126,3.55,74.68,7.666826119704723,2016,05
161,HB_NORTH,23.41991935483871,5.2,62.98,6.722616735124593,2017,05
162,HB_NORTH,35.3061424731183,9.32,550.83,39.46338334548294,2018,05
163,HB_NORTH,23.97888440860211,9.96,67.3,8.688466045637163,2019,05
164,HB_NORTH,23.15805555555555,3.64,101.0,10.378440279708135,2016,06
165,HB_NORTH,25.890569444444427,15.33,70.82,9.048123147849383,2017,06
166,HB_NORTH,30.21188888888888,15.35,115.08,15.084811187253623,2018,06
167,HB_NORTH,25.175819444444464,8.17,101.27,13.602406822767918,2019,06
168,HB_NORTH,26.8007930107527,9.02,98.94,11.667287327521286,2016,07
169,HB_NORTH,30.65431451612902,16.47,244.42,16.651010261624062,2017,07
170,HB_NORTH,78.96845430107523,9.79,2063.87,233.55245524774722,2018,07
171,HB_NORTH,29.781290322580663,11.22,274.65,26.916675138030318,2019,07
172,HB_NORTH,29.82838709677418,13.37,223.94,25.427223868923868,2016,08
173,HB_NORTH,26.832728494623666,16.61,85.93,10.255855876488063,2017,08
174,HB_NORTH,31.603051075268784,12.0,150.0,18.64059523762587,2018,08
175,HB_NORTH,126.52185483870967,10.0,3500.92,401.5181039277682,2019,08
176,HB_NORTH,26.249180555555544,10.7,200.0,14.525627155172383,2016,09
177,HB_NORTH,23.346111111111103,8.29,54.32,7.2612509134234475,2017,09
178,HB_NORTH,27.299638888888918,14.02,89.78,10.928677673760703,2018,09
179,HB_NORTH,79.91958333333324,7.81,5010.22,380.5384254197815,2019,09
180,HB_NORTH,24.005255376344078,2.71,269.05,15.390332528302768,2016,10
181,HB_NORTH,21.405900537634427,1.88,75.0,7.791168430578762,2017,10
182,HB_NORTH,30.03416666666664,9.57,95.0,10.334967046572814,2018,10
183,HB_NORTH,27.995967741935484,6.11,853.71,53.323601612869396,2019,10
184,HB_NORTH,18.66488888888888,1.92,47.62,6.101731530063151,2016,11
185,HB_NORTH,21.59620833333333,3.19,69.49,7.568659608784363,2017,11
186,HB_NORTH,31.234888888888918,9.38,114.35,11.596295053094748,2018,11
187,HB_NORTH,23.628611111111105,3.49,212.85,15.12134180687971,2019,11
188,HB_NORTH,25.149045698924702,3.17,138.12,10.941741566558264,2016,12
189,HB_NORTH,20.952997311827954,6.18,53.18,4.987721615378066,2017,12
190,HB_NORTH,30.39826612903227,6.96,117.3,9.919452147482726,2018,12
191,HB_NORTH,18.7319892473118,4.01,59.75,6.806604034839857,2019,12
192,HB_PAN,16.54876666666666,-19.01,99.64,14.227681951102408,2019,04
193,HB_PAN,16.414327956989226,-15.06,67.69,13.544792459757307,2019,05
194,HB_PAN,20.731319444444456,-11.58,100.06,15.826254741623815,2019,06
195,HB_PAN,28.384569892473117,0.5,274.16,27.36512057912496,2019,07
196,HB_PAN,124.9917338709677,-9.99,3497.75,401.49762789284887,2019,08
197,HB_PAN,72.85329166666678,-14.97,5010.1,381.54704670945955,2019,09
198,HB_PAN,18.71676075268816,-20.69,843.05,54.795727595405175,2019,10
199,HB_PAN,11.661291666666664,-29.98,211.43,21.725598922420964,2019,11
200,HB_PAN,8.81724462365592,-27.84,60.3,16.045190188916138,2019,12
201,HB_SOUTH,19.210053763440854,5.18,54.4,5.458224904565119,2016,01
202,HB_SOUTH,23.624811827956986,1.89,96.01,7.575724207807043,2017,01
203,HB_SOUTH,39.498145161290296,6.01,1675.95,88.67166127106827,2018,01
204,HB_SOUTH,25.086061827956964,7.0,74.19,7.680102234868328,2019,01
205,HB_SOUTH,15.333591954022989,2.02,50.25,5.766310020451892,2016,02
206,HB_SOUTH,21.079360119047603,3.29,53.41,7.134705341168082,2017,02
207,HB_SOUTH,22.306398809523813,4.08,74.89,7.797641728131434,2018,02
208,HB_SOUTH,22.125639880952377,5.75,58.75,6.98671715324944,2019,02
209,HB_SOUTH,16.763109017496653,1.0,69.59,7.562570221381636,2016,03
210,HB_SOUTH,23.680753701211305,5.02,78.22,8.666648996123275,2017,03
211,HB_SOUTH,22.888452220726812,7.37,70.15,7.99013498228365,2018,03
212,HB_SOUTH,27.13555854643338,6.63,685.53,34.99492019245875,2019,03
213,HB_SOUTH,18.51290277777777,1.17,99.0,9.962189284750309,2016,04
214,HB_SOUTH,25.6094027777778,8.88,94.72,9.029660940162142,2017,04
215,HB_SOUTH,24.471888888888902,7.06,54.92,7.698613356269684,2018,04
216,HB_SOUTH,22.463333333333342,4.21,105.56,11.90811907317516,2019,04
217,HB_SOUTH,18.570456989247315,2.77,71.92,8.661368325580215,2016,05
218,HB_SOUTH,26.49501344086023,4.73,68.65,9.192251989315865,2017,05
219,HB_SOUTH,34.2260752688172,9.67,531.39,37.16877772907251,2018,05
220,HB_SOUTH,24.059946236559167,9.4,66.0,8.276677345653288,2019,05
221,HB_SOUTH,24.645374999999984,4.93,119.5,11.984516256441225,2016,06
222,HB_SOUTH,29.65469444444443,15.39,98.22,13.388315766817483,2017,06
223,HB_SOUTH,30.068638888888913,16.07,114.49,13.9785372968641,2018,06
224,HB_SOUTH,23.904361111111104,10.55,104.57,12.982437741673447,2019,06
225,HB_SOUTH,26.960255376344076,-27.74,100.15,14.223926454532691,2016,07
226,HB_SOUTH,32.12946236559143,17.07,268.53,18.901360436732627,2017,07
227,HB_SOUTH,78.8473790322581,10.07,2058.15,232.88427198288306,2018,07
228,HB_SOUTH,29.637500000000028,11.46,274.37,26.76676244782117,2019,07
229,HB_SOUTH,31.20797043010751,13.44,237.08,28.706992658650858,2016,08
230,HB_SOUTH,28.315026881720453,16.63,91.52,11.581170602149854,2017,08
231,HB_SOUTH,31.66752688172045,14.7,149.28,18.317685981494456,2018,08
232,HB_SOUTH,125.93654569892459,10.49,3497.19,400.26523323143147,2019,08
233,HB_SOUTH,27.405569444444456,11.08,203.25,15.053059746843541,2016,09
234,HB_SOUTH,25.51509722222224,8.68,68.76,8.801109045773565,2017,09
235,HB_SOUTH,27.189805555555555,15.64,87.78,10.218478841636117,2018,09
236,HB_SOUTH,78.90047222222212,8.03,5000.73,379.0236350930704,2019,09
237,HB_SOUTH,26.68966397849464,3.43,282.46,17.671567723574363,2016,10
238,HB_SOUTH,25.56365591397848,4.63,113.12,11.443610361693004,2017,10
239,HB_SOUTH,29.772513440860244,14.49,93.43,9.647190833725764,2018,10
240,HB_SOUTH,29.468400537634416,8.4,838.47,52.06511827553334,2019,10
241,HB_SOUTH,20.14883333333334,3.2,49.27,6.918300399465621,2016,11
242,HB_SOUTH,23.97718055555557,5.09,92.56,8.787211894234105,2017,11
243,HB_SOUTH,29.837180555555587,9.46,104.24,11.002205151109665,2018,11
244,HB_SOUTH,23.718555555555533,3.95,181.03,13.497690540509819,2019,11
245,HB_SOUTH,25.708991935483862,2.72,141.49,11.367082161043967,2016,12
246,HB_SOUTH,21.99791666666665,5.73,64.46,5.585505404189781,2017,12
247,HB_SOUTH,30.089301075268807,6.18,118.6,10.294004189647126,2018,12
248,HB_SOUTH,18.95251344086021,3.58,69.69,6.656832472968684,2019,12
249,HB_WEST,19.126559139784952,4.84,55.96,5.552808074476875,2016,01
250,HB_WEST,21.901720430107524,-0.4,96.47,8.329261364773265,2017,01
251,HB_WEST,36.051639784946275,0.21,1661.14,87.99336444454858,2018,01
252,HB_WEST,23.881545698924697,0.63,75.83,9.6846452488892,2019,01
253,HB_WEST,14.988663793103447,-0.61,51.36,6.017304549324409,2016,02
254,HB_WEST,17.616681547619056,-4.3,52.13,8.353607598538456,2017,02
255,HB_WEST,21.087604166666658,1.05,73.33,8.12356220846839,2018,02
256,HB_WEST,20.491160714285716,3.1,57.22,7.910899373907354,2019,02
257,HB_WEST,15.871668909825038,0.38,60.57,7.38101028616066,2016,03
258,HB_WEST,19.813593539703888,-0.05,64.77,8.285855409811548,2017,03
259,HB_WEST,20.3336204576043,-0.62,69.7,9.999361985102992,2018,03
260,HB_WEST,25.66967698519515,-0.28,686.52,35.93572452588236,2019,03
261,HB_WEST,16.86274999999999,-0.05,90.43,9.270893627043186,2016,04
262,HB_WEST,19.996097222222236,-0.95,67.92,8.115485320873688,2017,04
263,HB_WEST,17.156625000000005,-5.98,52.8,11.163072038103403,2018,04
264,HB_WEST,19.551875000000013,-0.3,100.0,13.864652786735466,2019,04
265,HB_WEST,17.337674731182776,1.06,71.97,7.648550692442676,2016,05
266,HB_WEST,22.166612903225815,1.2,53.75,6.960570769950853,2017,05
267,HB_WEST,27.692016129032254,-4.56,531.53,38.01272945351063,2018,05
268,HB_WEST,22.70266129032257,4.5,68.36,9.238910469479,2019,05
269,HB_WEST,23.141930555555533,3.73,102.08,10.28663749776717,2016,06
270,HB_WEST,25.331694444444455,11.13,73.8,8.68839524121474,2017,06
271,HB_WEST,28.277027777777782,7.12,107.0,13.839546440320046,2018,06
272,HB_WEST,24.708555555555577,5.04,100.16,13.52178500335738,2019,06
273,HB_WEST,26.543561827957014,9.03,96.73,11.548332657215811,2016,07
274,HB_WEST,30.29364247311829,16.53,233.81,16.116670387293876,2017,07
275,HB_WEST,78.51755376344079,9.71,2066.82,233.86985552369822,2018,07
276,HB_WEST,29.455470430107532,11.03,274.78,26.90684361192509,2019,07
277,HB_WEST,29.786733870967733,13.26,224.54,25.37416828923725,2016,08
278,HB_WEST,26.817043010752666,16.63,86.37,10.236244257218413,2017,08
279,HB_WEST,31.560120967741923,10.83,150.33,18.630238668683326,2018,08
280,HB_WEST,126.31528225806449,8.11,3500.0,401.2889789739431,2019,08
281,HB_WEST,26.354250000000036,10.68,201.03,14.581646674594005,2016,09
282,HB_WEST,22.678819444444443,8.32,54.25,6.831218681457303,2017,09
283,HB_WEST,26.139597222222196,7.07,85.07,10.06953208802467,2018,09
284,HB_WEST,78.42925000000012,5.57,5010.39,380.61810476050834,2019,09
285,HB_WEST,24.113938172042996,1.58,273.75,15.80581918160384,2016,10
286,HB_WEST,21.693830645161306,1.84,70.17,8.016050770997207,2017,10
287,HB_WEST,28.76133064516124,2.39,95.58,10.31509220988028,2018,10
288,HB_WEST,24.668131720430107,-1.42,843.07,53.57664233513755,2019,10
289,HB_WEST,18.778416666666644,0.8,48.69,6.2965959405148775,2016,11
290,HB_WEST,21.00179166666666,-0.09,73.34,8.324036361486979,2017,11
291,HB_WEST,28.715250000000026,1.04,115.67,13.658234997523145,2018,11
292,HB_WEST,21.66026388888888,0.08,211.91,15.695236507495919,2019,11
293,HB_WEST,24.86266129032258,0.26,137.73,11.297255966368272,2016,12
294,HB_WEST,20.33803763440862,-2.28,53.28,6.117314012983186,2017,12
295,HB_WEST,29.9440053763441,0.0,119.86,11.728604670439227,2018,12
296,HB_WEST,18.136424731182792,2.15,60.71,7.188677044101669,2019,12
297,LZ_AEN,19.324663978494627,5.35,55.02,5.499657950454569,2016,01
298,LZ_AEN,23.40447580645163,1.92,95.99,7.539809858297446,2017,01
299,LZ_AEN,38.83798387096776,6.03,1661.37,87.54376856158724,2018,01
300,LZ_AEN,25.107956989247317,6.75,76.2,7.957236317830307,2019,01
301,LZ_AEN,15.448290229885073,2.24,51.51,5.742451493814364,2016,02
302,LZ_AEN,20.605327380952374,3.45,52.96,6.758118121814661,2017,02
303,LZ_AEN,21.913883928571398,4.55,74.11,7.665640874662351,2018,02
304,LZ_AEN,21.51380952380956,5.46,57.06,6.768265769861141,2019,02
305,LZ_AEN,16.855074024226113,1.32,65.27,7.360407832780968,2016,03
306,LZ_AEN,22.99701211305518,4.9,67.99,7.932145538218249,2017,03
307,LZ_AEN,22.202826379542397,5.26,70.37,8.593805694422064,2018,03
308,LZ_AEN,27.74218034993274,7.11,685.8,34.684874016437796,2019,03
309,LZ_AEN,18.25606944444444,1.17,88.34,9.345574036423606,2016,04
310,LZ_AEN,24.118083333333328,8.94,85.65,8.008669689884142,2017,04
311,LZ_AEN,22.18848611111112,4.79,51.24,7.5284459208469405,2018,04
312,LZ_AEN,23.270347222222245,4.63,106.86,12.494342464514746,2019,04
313,LZ_AEN,18.12490591397849,2.8,76.57,7.977659806006315,2016,05
314,LZ_AEN,25.293844086021508,4.9,66.94,8.173940241146443,2017,05
315,LZ_AEN,33.166169354838736,6.86,529.23,36.91196660038251,2018,05
316,LZ_AEN,24.676236559139774,9.12,68.42,8.730179494173765,2019,05
317,LZ_AEN,24.2375138888889,8.23,110.8,11.583286461242357,2016,06
318,LZ_AEN,27.91663888888888,15.47,84.47,11.335981832091646,2017,06
319,LZ_AEN,30.28612499999999,15.91,114.74,14.40942828460662,2018,06
320,LZ_AEN,24.416791666666676,10.2,101.71,12.944277307181554,2019,06
321,LZ_AEN,27.976102150537606,9.29,98.6,12.613121790972757,2016,07
322,LZ_AEN,31.40143817204301,16.95,257.95,17.939957768598738,2017,07
323,LZ_AEN,78.95137096774195,10.02,2060.9,233.09134385258966,2018,07
324,LZ_AEN,29.709086021505378,11.37,274.59,26.803671565521057,2019,07
325,LZ_AEN,30.699516129032325,13.61,235.36,26.82729886707015,2016,08
326,LZ_AEN,27.465618279569895,16.63,88.71,10.953641559437648,2017,08
327,LZ_AEN,31.732137096774153,13.9,149.54,18.45947088295388,2018,08
328,LZ_AEN,126.52692204301066,10.34,3500.89,401.4603431233801,2019,08
329,LZ_AEN,26.710861111111146,11.13,200.12,14.465315413858335,2016,09
330,LZ_AEN,24.628805555555562,8.82,60.58,8.027509687575206,2017,09
331,LZ_AEN,27.16730555555553,15.15,88.03,10.290747790482115,2018,09
332,LZ_AEN,80.16959722222228,7.88,5010.17,380.27675207770636,2019,09
333,LZ_AEN,25.622903225806493,3.29,274.56,16.09970957367572,2016,10
334,LZ_AEN,24.01990591397848,5.24,102.26,10.015021859408657,2017,10
335,LZ_AEN,30.310000000000006,12.77,96.35,10.204651355469013,2018,10
336,LZ_AEN,29.280443548387094,8.07,844.89,52.951009092061675,2019,10
337,LZ_AEN,19.640041666666637,3.74,48.6,6.210652441851585,2016,11
338,LZ_AEN,23.019444444444446,3.63,86.69,8.471820948161977,2017,11
339,LZ_AEN,30.468083333333325,8.65,106.64,11.762673463238764,2018,11
340,LZ_AEN,24.408013888888913,3.77,209.08,14.919535273175907,2019,11
341,LZ_AEN,25.870174731182786,3.21,136.8,11.452260949599369,2016,12
342,LZ_AEN,21.062930107526874,5.06,55.3,5.323136125738609,2017,12
343,LZ_AEN,30.094758064516125,6.57,117.25,10.177423696802727,2018,12
344,LZ_AEN,19.05170698924731,3.76,59.87,6.6079738458477095,2019,12
345,LZ_CPS,19.3538440860215,5.28,56.19,5.548379633953353,2016,01
346,LZ_CPS,23.772567204301065,1.99,102.73,8.263795366427962,2017,01
347,LZ_CPS,41.312876344086014,6.06,1708.38,91.99257259535396,2018,01
348,LZ_CPS,26.798333333333357,10.55,82.89,8.149951236618797,2019,01
349,LZ_CPS,15.520014367816108,2.16,52.06,5.806936573951365,2016,02
350,LZ_CPS,20.919479166666655,3.01,53.54,7.090201201766599,2017,02
351,LZ_CPS,22.517395833333318,4.64,74.85,7.7252541851127825,2018,02
352,LZ_CPS,24.11011904761902,6.02,86.42,9.27527395769405,2019,02
353,LZ_CPS,16.898183041722756,1.31,68.18,7.4787800119938135,2016,03
354,LZ_CPS,23.861547779273234,5.34,81.08,8.77160423540679,2017,03
355,LZ_CPS,25.289273216689107,8.33,236.9,12.25699946394771,2018,03
356,LZ_CPS,29.351695827725433,6.47,725.84,38.72171315807935,2019,03
357,LZ_CPS,19.069361111111103,1.14,114.4,11.093882920603836,2016,04
358,LZ_CPS,25.337902777777774,9.76,94.38,8.856499819832033,2017,04
359,LZ_CPS,26.535375000000013,9.16,60.9,8.455876699858672,2018,04
360,LZ_CPS,25.363597222222218,4.99,114.28,14.19762467073109,2019,04
361,LZ_CPS,18.479865591397857,2.77,72.34,8.10097509928891,2016,05
362,LZ_CPS,26.537029569892443,4.61,69.09,9.17443581869306,2017,05
363,LZ_CPS,36.05559139784947,9.53,531.71,37.3016459705569,2018,05
364,LZ_CPS,26.246075268817183,9.35,80.88,9.843087957448544,2019,05
365,LZ_CPS,24.958069444444472,5.22,109.62,11.206274234574298,2016,06
366,LZ_CPS,30.41599999999999,15.28,99.32,13.078528214227616,2017,06
367,LZ_CPS,30.727277777777783,16.27,114.42,14.186371060728069,2018,06
368,LZ_CPS,26.391291666666703,11.52,155.41,16.042464498165355,2019,06
369,LZ_CPS,27.967956989247316,9.4,97.14,12.727757359220302,2016,07
370,LZ_CPS,32.1152956989247,17.13,264.71,18.55076747930554,2017,07
371,LZ_CPS,79.12443548387105,10.09,2059.23,232.95766854170347,2018,07
372,LZ_CPS,30.667177419354825,11.52,276.56,27.07773047820001,2019,07
373,LZ_CPS,31.30657258064518,13.43,235.47,28.075727181019584,2016,08
374,LZ_CPS,28.13756720430108,16.64,90.66,11.296724158422814,2017,08
375,LZ_CPS,31.865685483871015,15.14,149.75,18.407107090852417,2018,08
376,LZ_CPS,127.69620967741939,10.84,3504.12,401.5136414355442,2019,08
377,LZ_CPS,28.130249999999958,11.0,204.18,15.534595093591461,2016,09
378,LZ_CPS,25.136652777777797,8.6,63.5,8.524027533209788,2017,09
379,LZ_CPS,27.512986111111136,15.22,89.04,10.398470471661467,2018,09
380,LZ_CPS,82.43634722222212,8.39,5011.57,379.8961059615471,2019,09
381,LZ_CPS,26.250295698924717,3.38,280.2,16.82894382852078,2016,10
382,LZ_CPS,25.275954301075267,4.53,107.6,11.067209878064242,2017,10
383,LZ_CPS,31.635967741935485,16.83,97.46,11.247464610562199,2018,10
384,LZ_CPS,33.553602150537664,9.08,846.37,53.66086954681066,2019,10
385,LZ_CPS,21.71466666666668,2.87,59.5,8.848424650970035,2016,11
386,LZ_CPS,23.572569444444426,4.01,90.5,8.736653333481904,2017,11
387,LZ_CPS,32.041208333333316,10.5,109.16,12.324589758862954,2018,11
388,LZ_CPS,25.57513888888891,4.88,213.22,15.15554112146572,2019,11
389,LZ_CPS,26.596424731182818,2.69,142.19,12.32636452086304,2016,12
390,LZ_CPS,22.04837365591397,5.38,102.48,6.837747294597056,2017,12
391,LZ_CPS,30.309220430107572,6.4,119.92,10.454818175329743,2018,12
392,LZ_CPS,19.997862903225816,3.86,104.42,7.934246324652644,2019,12
393,LZ_HOUSTON,19.563938172043017,5.19,54.94,5.6546752606172035,2016,01
394,LZ_HOUSTON,24.827365591397836,3.0,96.36,7.946976082218833,2017,01
395,LZ_HOUSTON,38.044986559139794,6.18,1638.04,86.06439847614334,2018,01
396,LZ_HOUSTON,25.55008064516131,8.85,75.06,7.8473129875161325,2019,01
397,LZ_HOUSTON,15.487988505747138,2.1,50.75,5.820989036078067,2016,02
398,LZ_HOUSTON,23.517217261904765,4.52,60.22,8.849387367235066,2017,02
399,LZ_HOUSTON,22.375848214285735,5.1,72.15,7.394902533647276,2018,02
400,LZ_HOUSTON,21.644255952380963,5.51,57.43,6.7294652518030995,2019,02
401,LZ_HOUSTON,17.206729475100946,1.35,73.24,7.8052462273335905,2016,03
402,LZ_HOUSTON,28.742005383580064,6.81,152.46,15.087172623753816,2017,03
403,LZ_HOUSTON,23.933458950201892,8.01,71.42,9.109086945117879,2018,03
404,LZ_HOUSTON,28.080323014804854,8.22,651.84,32.70861948439225,2019,03
405,LZ_HOUSTON,19.128930555555566,1.26,106.23,10.76590904675306,2016,04
406,LZ_HOUSTON,32.96706944444447,10.74,147.81,16.991265862206326,2017,04
407,LZ_HOUSTON,24.728347222222226,8.41,59.21,7.916439430638188,2018,04
408,LZ_HOUSTON,24.264583333333338,5.44,107.4,12.157658167632507,2019,04
409,LZ_HOUSTON,19.903991935483887,3.03,76.88,10.639855925260376,2016,05
410,LZ_HOUSTON,32.36264784946243,4.99,109.86,15.906692890509005,2017,05
411,LZ_HOUSTON,35.53303763440861,8.42,550.1,39.48106603358094,2018,05
412,LZ_HOUSTON,25.153615591397852,9.58,68.56,9.234248133566334,2019,05
413,LZ_HOUSTON,29.915083333333325,4.32,174.68,22.48010937821404,2016,06
414,LZ_HOUSTON,33.668916666666625,15.43,139.24,19.392458894323102,2017,06
415,LZ_HOUSTON,31.80234722222222,15.81,119.76,16.793934932973716,2018,06
416,LZ_HOUSTON,27.2267361111111,10.0,113.57,15.762967614787565,2019,06
417,LZ_HOUSTON,29.91186827956986,10.06,106.26,15.655496426994176,2016,07
418,LZ_HOUSTON,34.72583333333334,16.72,311.81,23.44306141506571,2017,07
419,LZ_HOUSTON,79.56653225806457,9.95,2060.38,233.5603868265196,2018,07
420,LZ_HOUSTON,30.013064516129045,11.35,274.79,26.872544946248777,2019,07
421,LZ_HOUSTON,33.56354838709678,13.49,285.0,34.75633864422278,2016,08
422,LZ_HOUSTON,30.031478494623677,16.61,101.75,14.431593938247431,2017,08
423,LZ_HOUSTON,32.159623655913954,13.48,151.05,18.890233331961973,2018,08
424,LZ_HOUSTON,126.69338709677426,10.33,3500.0,401.4687410183907,2019,08
425,LZ_HOUSTON,29.032680555555544,11.48,214.55,17.38997939866895,2016,09
426,LZ_HOUSTON,27.41002777777777,8.33,84.99,12.57163769240294,2017,09
427,LZ_HOUSTON,27.722416666666632,15.14,92.18,10.88696961345971,2018,09
428,LZ_HOUSTON,80.77929166666665,7.97,5011.62,380.59549300850233,2019,09
429,LZ_HOUSTON,28.545819892473133,3.98,287.59,19.49473507624443,2016,10
430,LZ_HOUSTON,31.339381720430104,4.41,274.2,26.117447047199036,2017,10
431,LZ_HOUSTON,31.781115591397857,12.74,101.62,11.51412697597704,2018,10
432,LZ_HOUSTON,30.642379032258074,9.62,872.98,55.33192773650522,2019,10
433,LZ_HOUSTON,20.437680555555556,3.06,54.65,7.5718808765774295,2016,11
434,LZ_HOUSTON,26.33962499999996,4.82,131.01,12.833731620771,2017,11
435,LZ_HOUSTON,31.730333333333313,10.05,105.13,12.015058303485723,2018,11
436,LZ_HOUSTON,24.18161111111111,3.8,199.8,14.472697576733292,2019,11
437,LZ_HOUSTON,25.736841397849467,2.91,143.23,11.349051286814545,2016,12
438,LZ_HOUSTON,21.979784946236585,6.29,68.39,5.791050547258558,2017,12
439,LZ_HOUSTON,30.462069892473117,6.88,116.52,9.911598247922353,2018,12
440,LZ_HOUSTON,18.919852150537647,3.8,59.5,6.877407263243724,2019,12
441,LZ_LCRA,19.31745967741934,5.47,55.4,5.497980113470419,2016,01
442,LZ_LCRA,23.43627688172043,1.9,97.26,7.606074128174614,2017,01
443,LZ_LCRA,38.99256720430111,5.87,1669.26,88.49319955468228,2018,01
444,LZ_LCRA,24.936303763440858,6.28,76.43,8.097452745325858,2019,01
445,LZ_LCRA,15.488548850574706,2.37,51.55,5.732980295709334,2016,02
446,LZ_LCRA,20.660818452380937,3.1,53.1,6.897614444293981,2017,02
447,LZ_LCRA,21.76224702380953,4.3,75.49,7.760105867864692,2018,02
448,LZ_LCRA,21.66697916666667,5.53,56.92,6.878219361958415,2019,02
449,LZ_LCRA,16.79629878869449,1.34,66.31,7.398862184113166,2016,03
450,LZ_LCRA,23.437133243607,5.15,69.81,8.22848179557564,2017,03
451,LZ_LCRA,22.051305518169595,4.24,70.23,8.310383904389663,2018,03
452,LZ_LCRA,27.649313593539745,6.58,692.67,35.19954864384437,2019,03
453,LZ_LCRA,18.39270833333334,1.15,92.5,9.682228462982483,2016,04
454,LZ_LCRA,24.477416666666684,8.91,88.04,8.468541080492486,2017,04
455,LZ_LCRA,22.644027777777783,5.1,51.83,7.626581791236533,2018,04
456,LZ_LCRA,23.31476388888888,4.46,107.21,12.36835730932367,2019,04
457,LZ_LCRA,18.18278225806455,2.78,73.75,8.005227459392776,2016,05
458,LZ_LCRA,25.637956989247325,4.45,67.39,8.654821736633204,2017,05
459,LZ_LCRA,34.73540322580648,7.35,537.05,39.21426529375476,2018,05
460,LZ_LCRA,24.50868279569892,9.06,66.1,8.514166573914984,2019,05
461,LZ_LCRA,24.16441666666668,4.64,109.44,11.121200540738213,2016,06
462,LZ_LCRA,28.639083333333343,14.97,91.27,12.485700181943333,2017,06
463,LZ_LCRA,30.365555555555577,16.02,114.7,14.438945238745086,2018,06
464,LZ_LCRA,24.51954166666666,11.18,101.6,13.153803352145431,2019,06
465,LZ_LCRA,27.592217741935475,9.31,99.41,12.674735854902686,2016,07
466,LZ_LCRA,31.905712365591352,16.84,265.38,18.705559433799934,2017,07
467,LZ_LCRA,79.06994623655915,10.06,2062.63,233.30198042101694,2018,07
468,LZ_LCRA,29.74791666666666,11.36,274.7,26.817746140123624,2019,07
469,LZ_LCRA,31.175577956989258,13.43,237.06,28.982726116162144,2016,08
470,LZ_LCRA,27.678010752688152,16.63,90.36,11.266243870522516,2017,08
471,LZ_LCRA,31.807970430107524,14.28,149.58,18.49956526481126,2018,08
472,LZ_LCRA,126.67076612903215,10.31,3503.28,401.7273081817837,2019,08
473,LZ_LCRA,27.03994444444444,11.0,199.29,15.735525242461984,2016,09
474,LZ_LCRA,24.813430555555563,8.63,61.55,8.36801241320809,2017,09
475,LZ_LCRA,27.18726388888886,15.12,89.58,10.323972461463864,2018,09
476,LZ_LCRA,82.46723611111106,8.0,5011.71,380.75904251218793,2019,09
477,LZ_LCRA,26.068440860215063,3.33,281.6,16.98477508373953,2016,10
478,LZ_LCRA,24.484260752688193,4.56,115.0,11.120629550803754,2017,10
479,LZ_LCRA,30.06987903225809,10.92,95.98,10.146733125557331,2018,10
480,LZ_LCRA,29.015806451612917,7.78,851.35,53.56442348624105,2019,10
481,LZ_LCRA,19.541680555555562,2.88,48.94,6.456588603352812,2016,11
482,LZ_LCRA,23.047124999999994,3.11,88.12,8.542414682479471,2017,11
483,LZ_LCRA,30.515805555555563,8.38,106.34,11.796913856628784,2018,11
484,LZ_LCRA,24.485222222222248,4.14,207.11,14.724647827239286,2019,11
485,LZ_LCRA,25.487876344086036,2.58,142.23,11.374799922493054,2016,12
486,LZ_LCRA,21.11766129032256,4.65,58.16,5.44868153395596,2017,12
487,LZ_LCRA,30.582661290322633,6.56,122.66,10.6288200815789,2018,12
488,LZ_LCRA,19.456881720430097,3.75,84.34,7.255990866381839,2019,12
489,LZ_NORTH,19.187997311827974,5.08,56.21,5.532815832010705,2016,01
490,LZ_NORTH,23.603024193548404,2.91,96.68,7.53631169322917,2017,01
491,LZ_NORTH,37.728521505376335,6.32,1664.01,87.76979241169172,2018,01
492,LZ_NORTH,24.36783602150537,5.13,75.38,8.353484521769563,2019,01
493,LZ_NORTH,15.46221264367817,2.28,51.39,5.72711950556094,2016,02
494,LZ_NORTH,19.550014880952375,4.39,51.83,6.023653240387762,2017,02
495,LZ_NORTH,21.84046130952379,5.84,74.29,7.579751376820834,2018,02
496,LZ_NORTH,20.85114583333333,4.36,56.78,7.1174606376172065,2019,02
497,LZ_NORTH,17.461507402422594,1.48,62.31,7.4469997134928025,2016,03
498,LZ_NORTH,21.839407806191105,5.34,64.71,7.067790149708491,2017,03
499,LZ_NORTH,22.640551816958272,7.89,70.07,8.388701044899266,2018,03
500,LZ_NORTH,28.594037685060574,9.11,681.29,34.43624052220511,2019,03
501,LZ_NORTH,19.08763888888888,1.57,90.61,9.793125443963815,2016,04
502,LZ_NORTH,21.975805555555546,7.13,62.41,6.617664494044783,2017,04
503,LZ_NORTH,24.36688888888891,8.91,58.24,7.779202510434247,2018,04
504,LZ_NORTH,23.718430555555557,6.62,103.76,11.928849097374757,2019,04
505,LZ_NORTH,18.182889784946234,4.18,76.8,7.862626786415128,2016,05
506,LZ_NORTH,24.557513440860216,5.22,72.98,8.001947903825615,2017,05
507,LZ_NORTH,37.451881720430116,9.54,557.83,40.89663061155096,2018,05
508,LZ_NORTH,24.011451612903222,10.12,67.8,8.738728285557324,2019,05
509,LZ_NORTH,23.562680555555552,3.64,104.06,11.062601504781098,2016,06
510,LZ_NORTH,26.893736111111114,15.46,80.74,10.269483673647457,2017,06
511,LZ_NORTH,31.301611111111136,15.26,122.97,16.44100746514218,2018,06
512,LZ_NORTH,25.20791666666667,8.21,101.28,13.618453889307254,2019,06
513,LZ_NORTH,27.415779569892457,9.05,101.55,12.33912295287215,2016,07
514,LZ_NORTH,31.186841397849467,16.47,254.01,17.44390062497039,2017,07
515,LZ_NORTH,79.84618279569887,9.8,2079.81,235.36841649562857,2018,07
516,LZ_NORTH,29.834946236559162,11.22,274.89,26.955125726994364,2019,07
517,LZ_NORTH,30.148575268817243,13.37,227.06,26.104303860992058,2016,08
518,LZ_NORTH,27.060362903225812,16.62,86.53,10.529417676731134,2017,08
519,LZ_NORTH,31.97158602150531,11.92,151.52,19.077278619523028,2018,08
520,LZ_NORTH,126.60091397849466,10.08,3501.54,401.6319106504489,2019,08
521,LZ_NORTH,26.605861111111107,10.73,201.47,14.901666131659871,2016,09
522,LZ_NORTH,23.968402777777758,8.29,56.01,8.10381654820752,2017,09
523,LZ_NORTH,27.885847222222214,13.94,91.58,12.013980791934744,2018,09
524,LZ_NORTH,80.7741527777778,7.81,5010.51,380.758969201848,2019,09
525,LZ_NORTH,24.532661290322583,2.85,273.64,16.034106142812707,2016,10
526,LZ_NORTH,21.938427419354845,1.89,85.01,8.636464281722938,2017,10
527,LZ_NORTH,31.64541666666666,9.59,95.95,11.41539314407051,2018,10
528,LZ_NORTH,28.732943548387126,6.21,863.71,54.42561097329506,2019,10
529,LZ_NORTH,18.830513888888877,2.0,50.24,6.25094070359959,2016,11
530,LZ_NORTH,22.263166666666674,3.21,70.4,7.878656117975505,2017,11
531,LZ_NORTH,31.97412499999999,9.21,124.07,12.30701172018928,2018,11
532,LZ_NORTH,24.153611111111104,3.67,218.41,15.74282819301406,2019,11
533,LZ_NORTH,25.28624999999999,3.43,140.29,11.070745441320295,2016,12
534,LZ_NORTH,21.4081317204301,6.28,58.74,5.243574354344973,2017,12
535,LZ_NORTH,31.131948924731233,6.87,121.19,10.753266871853738,2018,12
536,LZ_NORTH,19.006801075268804,4.07,59.99,7.142365271934624,2019,12
537,LZ_RAYBN,19.447943548387116,5.08,57.38,5.87173439536646,2016,01
538,LZ_RAYBN,23.39010752688172,2.43,96.42,7.174455207570437,2017,01
539,LZ_RAYBN,39.37014784946231,7.82,1709.15,90.37409156066532,2018,01
540,LZ_RAYBN,24.411491935483873,6.49,74.86,8.060814095455624,2019,01
541,LZ_RAYBN,15.400431034482773,2.32,53.35,5.7534661271109,2016,02
542,LZ_RAYBN,20.36915178571431,5.62,51.8,5.358349282109905,2017,02
543,LZ_RAYBN,22.403169642857126,7.42,94.77,7.724018064781316,2018,02
544,LZ_RAYBN,21.066279761904763,4.7,57.29,6.844085385799512,2019,02
545,LZ_RAYBN,17.11724091520861,1.86,61.55,7.3272912153871115,2016,03
546,LZ_RAYBN,21.90716016150739,6.77,64.19,6.549950608642898,2017,03
547,LZ_RAYBN,23.805706594885592,11.42,69.95,7.764584538226346,2018,03
548,LZ_RAYBN,29.809798115747,12.38,682.64,34.219993845706014,2019,03
549,LZ_RAYBN,18.855361111111097,1.45,90.56,9.706044207969226,2016,04
550,LZ_RAYBN,22.21343055555554,8.2,61.88,5.862581020851395,2017,04
551,LZ_RAYBN,27.19887500000002,12.36,62.64,7.927631488254263,2018,04
552,LZ_RAYBN,24.998305555555564,7.34,113.75,11.764075316688286,2019,04
553,LZ_RAYBN,18.320994623655913,4.31,75.95,7.887065178197738,2016,05
554,LZ_RAYBN,24.001330645161307,6.21,62.63,6.8500959884287855,2017,05
555,LZ_RAYBN,40.951250000000016,11.51,572.62,43.40898605325403,2018,05
556,LZ_RAYBN,24.788158602150553,11.72,67.79,8.999232252081159,2019,05
557,LZ_RAYBN,23.315944444444447,3.65,100.54,10.57341688323208,2016,06
558,LZ_RAYBN,26.125041666666643,15.69,74.59,9.205680549494767,2017,06
559,LZ_RAYBN,31.945583333333342,15.64,125.33,17.458837477249833,2018,06
560,LZ_RAYBN,25.458513888888895,8.78,101.41,13.654010843479448,2019,06
561,LZ_RAYBN,27.471075268817224,9.03,101.88,12.383051616960069,2016,07
562,LZ_RAYBN,30.760497311827933,16.47,248.41,16.831198028483207,2017,07
563,LZ_RAYBN,84.90190860215051,9.8,2234.47,250.62476031998634,2018,07
564,LZ_RAYBN,30.02971774193554,11.21,279.33,27.165856941493953,2019,07
565,LZ_RAYBN,30.149758064516142,13.37,226.86,26.11001588311447,2016,08
566,LZ_RAYBN,26.824825268817232,16.6,85.93,10.254676219025427,2017,08
567,LZ_RAYBN,32.51872311827957,12.2,158.9,20.634102764280627,2018,08
568,LZ_RAYBN,126.89788978494644,10.38,3503.7,401.9292603884113,2019,08
569,LZ_RAYBN,26.470263888888894,10.72,200.59,14.818330548217853,2016,09
570,LZ_RAYBN,23.535680555555558,8.29,54.32,7.549488581314552,2017,09
571,LZ_RAYBN,27.680888888888877,13.93,90.56,11.82380675429367,2018,09
572,LZ_RAYBN,80.69863888888884,7.81,5012.22,380.908202139825,2019,09
573,LZ_RAYBN,24.452513440860198,3.14,274.16,15.968735318472172,2016,10
574,LZ_RAYBN,21.379932795698938,2.04,75.15,7.829634966596327,2017,10
575,LZ_RAYBN,30.624959677419376,13.12,94.29,10.702267190328264,2018,10
576,LZ_RAYBN,28.554381720430126,7.43,850.07,52.132790025555984,2019,10
577,LZ_RAYBN,18.87531944444443,2.9,47.33,6.182334306537092,2016,11
578,LZ_RAYBN,21.82918055555556,3.86,70.1,7.445188047172323,2017,11
579,LZ_RAYBN,33.45244444444446,12.67,124.27,11.735302215008232,2018,11
580,LZ_RAYBN,24.517569444444426,4.57,222.55,15.818155791296588,2019,11
581,LZ_RAYBN,25.31955645161287,4.44,138.15,10.848662138407189,2016,12
582,LZ_RAYBN,21.31260752688172,7.81,59.25,4.855131894035039,2017,12
583,LZ_RAYBN,31.55353494623656,7.83,116.72,10.034378429938934,2018,12
584,LZ_RAYBN,19.08506720430106,4.69,60.53,7.101435355892237,2019,12
585,LZ_SOUTH,19.48172043010753,5.06,58.16,5.710720644519709,2016,01
586,LZ_SOUTH,25.15548387096773,1.85,142.48,10.779406305725363,2017,01
587,LZ_SOUTH,46.13256720430113,6.56,1709.82,93.31581643122976,2018,01
588,LZ_SOUTH,27.057903225806513,7.6,123.19,9.20796138122653,2019,01
589,LZ_SOUTH,15.935862068965523,1.59,52.27,6.329056652036589,2016,02
590,LZ_SOUTH,21.793690476190488,3.22,54.63,7.831157785521075,2017,02
591,LZ_SOUTH,25.197038690476194,4.14,79.89,9.158766911369773,2018,02
592,LZ_SOUTH,23.72895833333334,6.44,61.77,7.5112400295933845,2019,02
593,LZ_SOUTH,19.521144010767156,0.56,100.0,12.325023585024738,2016,03
594,LZ_SOUTH,26.528209959623116,4.69,94.55,10.897196845177303,2017,03
595,LZ_SOUTH,26.759973082099577,8.31,76.2,10.317034261654255,2018,03
596,LZ_SOUTH,30.529488559892318,7.37,721.89,37.10900275838603,2019,03
597,LZ_SOUTH,20.73800000000002,1.04,120.0,13.178488937715963,2016,04
598,LZ_SOUTH,28.549888888888887,10.5,119.88,12.735671759879727,2017,04
599,LZ_SOUTH,28.186972222222227,8.32,63.43,9.605147553595852,2018,04
600,LZ_SOUTH,27.14783333333334,4.0,134.58,14.693139289126739,2019,04
601,LZ_SOUTH,20.69174731182796,2.76,100.0,12.251857833053952,2016,05
602,LZ_SOUTH,29.979731182795668,5.34,94.72,12.98626101551835,2017,05
603,LZ_SOUTH,41.27442204301073,11.8,556.94,41.38933791209337,2018,05
604,LZ_SOUTH,27.210994623655925,10.73,87.14,10.367489242585485,2019,05
605,LZ_SOUTH,27.47165277777775,4.94,141.69,15.831815212576421,2016,06
606,LZ_SOUTH,36.783444444444456,15.65,150.0,22.435838620397643,2017,06
607,LZ_SOUTH,32.258680555555515,16.3,124.6,15.824630844733248,2018,06
608,LZ_SOUTH,27.259597222222187,11.71,123.14,14.759030011321771,2019,06
609,LZ_SOUTH,28.88958333333334,9.49,106.32,13.878802914915044,2016,07
610,LZ_SOUTH,34.19329301075271,17.34,276.3,20.84019773171074,2017,07
611,LZ_SOUTH,80.44756720430111,10.11,2068.16,234.40094203188013,2018,07
612,LZ_SOUTH,31.13216397849467,11.68,279.97,27.666057981228892,2019,07
613,LZ_SOUTH,31.82330645161287,13.43,240.28,29.39920761574283,2016,08
614,LZ_SOUTH,33.45784946236564,16.66,139.11,19.499532456662962,2017,08
615,LZ_SOUTH,33.690631720430126,15.79,151.59,21.418672580998578,2018,08
616,LZ_SOUTH,127.1090188172042,11.0,3499.67,400.7683351369345,2019,08
617,LZ_SOUTH,28.76201388888887,11.16,206.79,16.323961737728606,2016,09
618,LZ_SOUTH,28.33034722222221,8.84,84.54,10.499658158101528,2017,09
619,LZ_SOUTH,28.383763888888897,16.0,91.31,11.343294717518617,2018,09
620,LZ_SOUTH,81.00911111111105,8.37,4996.6,378.74939830966343,2019,09
621,LZ_SOUTH,30.03103494623656,3.68,290.71,24.11439290602675,2016,10
622,LZ_SOUTH,28.464018817204334,4.52,129.79,13.227929173038147,2017,10
623,LZ_SOUTH,32.12697580645161,16.13,100.1,12.027293976526847,2018,10
624,LZ_SOUTH,32.94211021505377,6.93,846.41,53.6600556841448,2019,10
625,LZ_SOUTH,20.633388888888888,2.81,59.68,7.707285909666226,2016,11
626,LZ_SOUTH,27.86572222222222,8.04,109.23,11.206479376065497,2017,11
627,LZ_SOUTH,33.54448611111104,10.49,120.91,13.68176977638468,2018,11
628,LZ_SOUTH,25.80370833333333,5.53,195.9,14.772221026154101,2019,11
629,LZ_SOUTH,26.32684139784947,2.59,148.13,12.181573627385522,2016,12
630,LZ_SOUTH,25.40422043010751,7.07,99.02,7.9141182045369325,2017,12
631,LZ_SOUTH,32.11272849462366,7.62,125.61,11.133697976599072,2018,12
632,LZ_SOUTH,19.786881720430113,3.46,77.45,7.023225109320725,2019,12
633,LZ_WEST,19.51926075268816,4.47,56.26,5.972367020222795,2016,01
634,LZ_WEST,23.231370967741938,0.47,97.97,9.296835291406914,2017,01
635,LZ_WEST,37.29330645161292,0.65,1670.78,88.79467993492516,2018,01
636,LZ_WEST,27.461532258064498,0.44,99.02,13.478233579426092,2019,01
637,LZ_WEST,15.044482758620699,-0.86,51.61,6.0973123237868565,2016,02
638,LZ_WEST,18.47705357142856,-3.67,72.56,9.104210009101468,2017,02
639,LZ_WEST,22.12410714285712,2.33,74.96,8.271932366348944,2018,02
640,LZ_WEST,22.798958333333317,2.99,67.26,9.305285701329012,2019,02
641,LZ_WEST,16.00265141318978,0.46,60.97,7.4474746960747655,2016,03
642,LZ_WEST,20.251197846567983,0.09,65.3,8.465475122425502,2017,03
643,LZ_WEST,22.30162853297446,0.4,79.53,10.906822163961131,2018,03
644,LZ_WEST,31.282960969044446,2.25,698.52,37.27890331984407,2019,03
645,LZ_WEST,17.153666666666663,0.33,91.7,9.37929180538246,2016,04
646,LZ_WEST,20.388569444444446,0.1,69.22,8.18040263320492,2017,04
647,LZ_WEST,21.128125000000004,-3.54,60.13,12.432860367773303,2018,04
648,LZ_WEST,21.699236111111095,0.69,112.83,14.623148227684057,2019,04
649,LZ_WEST,17.737526881720434,1.43,73.98,8.08538079313126,2016,05
650,LZ_WEST,22.86779569892472,1.38,57.71,7.553185185074928,2017,05
651,LZ_WEST,49.600120967741965,1.15,560.42,42.80809718391552,2018,05
652,LZ_WEST,28.8519892473118,7.36,78.96,9.737399440021326,2019,05
653,LZ_WEST,23.48876388888888,3.76,107.61,10.783790816173294,2016,06
654,LZ_WEST,27.51231944444447,11.19,79.92,10.623585853794621,2017,06
655,LZ_WEST,57.96752777777783,22.77,137.0,20.756347046082546,2018,06
656,LZ_WEST,32.02677777777779,12.25,111.92,14.086746131905787,2019,06
657,LZ_WEST,27.178790322580664,9.05,115.9,12.888030029845096,2016,07
658,LZ_WEST,31.130174731182798,16.63,240.72,16.88486366041493,2017,07
659,LZ_WEST,101.47096774193538,13.15,2151.82,238.70516348224746,2018,07
660,LZ_WEST,32.07568548387098,11.03,281.09,27.34031853443688,2019,07
661,LZ_WEST,30.01056451612905,13.37,226.91,25.763811703429568,2016,08
662,LZ_WEST,27.213911290322564,16.64,86.65,10.571351807051885,2017,08
663,LZ_WEST,33.28985215053763,11.08,153.14,19.295431194581806,2018,08
664,LZ_WEST,128.87646505376352,9.12,3505.6,402.11414618227064,2019,08
665,LZ_WEST,26.767666666666685,10.69,204.46,15.181201137700214,2016,09
666,LZ_WEST,27.011777777777755,8.08,83.61,10.99981324436512,2017,09
667,LZ_WEST,27.10109722222224,13.2,87.2,10.436557699967405,2018,09
668,LZ_WEST,83.471138888889,6.59,5015.25,380.45391860989866,2019,09
669,LZ_WEST,25.182258064516123,1.5,285.76,17.13851962455334,2016,10
670,LZ_WEST,22.173319892473113,1.83,72.46,8.353856799011606,2017,10
671,LZ_WEST,30.004556451612874,3.1,97.94,10.901438163956602,2018,10
672,LZ_WEST,49.38336021505375,0.79,873.07,62.396856020024465,2019,10
673,LZ_WEST,19.343138888888898,0.97,60.38,7.035390776231643,2016,11
674,LZ_WEST,22.152916666666673,0.27,75.19,8.749763793752004,2017,11
675,LZ_WEST,31.22402777777777,1.91,147.71,15.925374200333449,2018,11
676,LZ_WEST,49.34084722222219,3.6,286.91,31.876125870829345,2019,11
677,LZ_WEST,25.165819892473102,0.37,139.73,11.654195202333177,2016,12
678,LZ_WEST,21.87225806451613,-1.49,64.7,7.489398016305277,2017,12
679,LZ_WEST,34.98084677419353,3.05,131.59,15.254886045873532,2018,12
680,LZ_WEST,39.502594086021524,7.32,195.71,27.975861973386763,2019,12
